{
    "n": 300,
    "r_wind": 15,
    "xrange": [150.2503, 151.39695],
    "yrange": [-32.61181, -31.60829],
    "average_property_ha": 1000
}